nombre,correoElectronicoPersonal,correoElectronicoEmpresa,estado,telefono,tiposCarne,metodoPago,numeroPermisoConducir,permisoPermanente,fechaExpiracionPermiso,dni,fechaNacimiento,fechaIngreso,fechaBaja,direccion,ciudad,provincia,pais,codigoPostal,codigoEmpleado,empresa,telefonoPersonal,telefonoEmpresa,comentarios
Calista Crescencia Cañizares Quero,lealmanuela@hotmail.com,calista.crescencia.cañizares.quero@empresa.com,inactivo,+34705819701,"B1, C",Telemat Amarillo dorado pálido,ES5019679720,True,2028-06-16,51920182J,1983-04-09,2017-05-29,,Vial Clara Sandoval 5,Valladolid,Lugo,España,82915,EMP8551,Román and Sons,+34747149207,+34 737 41 42 48,Repudiandae nesciunt culpa consectetur nobis maxime molestias.
Chuy Mas Soriano,martinarovira@hotmail.com,chuy.mas.soriano@empresa.com,baja,+34737 244 343,"A, D1E",Telepeaje Blanco concha,ES5497872965,True,2034-05-15,15643802N,1998-02-21,2016-01-22,,Paseo de Flor Alfonso 52,Palencia,La Rioja,España,00940,EMP9165,Gracia-Tejedor,+34702 426 622,+34 649 20 36 93,Nisi assumenda vero.
Yago Cabrera Márquez,gherranz@carballo.com,yago.cabrera.márquez@empresa.com,baja,+34841 475 690,"C1, D1E",Tarjeta Débito Azul lona,ES0184293359,False,2035-03-27,47422983Y,2003-04-25,2020-10-03,2024-11-30,Cuesta de Mirta Tapia 6 Apt. 90 ,Cáceres,Las Palmas,España,47365,EMP0032,"Alcázar, Arellano and Baquero",+34714 761 442,+34728 735 540,Debitis dolorum id laudantium corporis.
Quirino Roselló Salazar,concepcion39@gmail.com,quirino.roselló.salazar@empresa.com,activo,+34 713 96 90 45,"C, CE",Tarjeta Débito Azul marino,ES3925287835,True,2034-01-11,33813307O,1978-02-15,2021-01-19,2024-07-10,Rambla Jeremías Rocha 31,Girona,Valladolid,España,40985,EMP3720,Grau LLC,+34 705 160 232,+34 721 07 15 55,Similique amet nesciunt vitae odio praesentium earum.
Victorino Martínez Nogueira,calisto19@hotmail.com,victorino.martínez.nogueira@empresa.com,activo,+34 705512538,"DE, D1E",Tarjeta Débito Azul violeta,ES0781913505,False,2030-01-22,49419715S,1993-02-04,2020-08-08,,Via de Tere Poza 33 Puerta 2 ,La Rioja,Ciudad,España,61621,EMP8563,Catalá-Agullo,+34 976 150 420,+34 729 86 85 69,Itaque aspernatur deleniti dolor vitae ad ut.
Ramón Arellano Canales,luismaria-del-carmen@baez-ayllon.net,ramón.arellano.canales@empresa.com,inactivo,+34742788881,"D1, D1E",Tarjeta Crédito Rojo carmesí,ES8930461638,True,2035-02-27,16878518R,1983-04-19,2022-05-31,,Calle de Gertrudis Pizarro 96,Jaén,Lugo,España,80072,EMP7208,Manrique Group,+34 837356407,+34830830697,Quis nesciunt voluptates fuga odit expedita eligendi.
Clara del Serrano,roldan74@aranda.es,clara.del.serrano@empresa.com,activo,+34725 185 711,"AM, A",Telepeaje Azul claro,ES6456059563,False,2031-06-05,31807392B,1961-06-18,2017-07-21,,Ronda de Natanael Gargallo 87 Piso 3 ,Soria,Cantabria,España,67871,EMP9261,Luna-Terrón,+34712 01 24 02,+34 645 50 05 49,Magni quia alias.
Maristela Gallardo-Valcárcel,hgalvez@hotmail.com,maristela.gallardo-valcárcel@empresa.com,activo,+34742 461 630,"C, C1E",Tarjeta Débito Verde oliva oscuro,ES3438300091,False,2031-03-19,35294930F,1978-03-06,2017-01-25,,Alameda de Kike Reyes 92 Puerta 7 ,Huelva,Badajoz,España,22527,EMP5600,Castejón and Sons,+34 702 340 567,+34721 251 589,Repudiandae aut maxime.
Rolando Vendrell Albero,reysamuel@yahoo.com,rolando.vendrell.albero@empresa.com,baja,+34 708 123 927,"D1, CE",Telemat Amarillo dorado pálido,ES8844790986,False,2029-07-22,61527695J,1978-06-10,2020-05-30,,Plaza Espiridión Cuesta 38 Piso 8 ,Cantabria,Toledo,España,37371,EMP4503,Canet PLC,+34 702 669 141,+34743960610,Iste quos at magnam rerum.
Severo Cal Casares,tclavero@hotmail.com,severo.cal.casares@empresa.com,activo,+34668 834 103,"B, D1E",Telepeaje Índigo,ES4141318118,True,2028-01-09,40513251C,1999-03-23,2015-04-19,,Pasaje de Antonio Vallés 16 Puerta 4 ,Zaragoza,Jaén,España,14878,EMP3103,Jáuregui LLC,+34945 722 757,+34744074033,Eaque nulla neque ullam minima a velit.
Marco de Granados,chuy26@yahoo.com,marco.de.granados@empresa.com,baja,+34 720 603 267,"D1, A2",Tarjeta Débito Marrón,ES5318057631,False,2026-11-16,10896546Y,1965-09-12,2018-01-29,,C. Anselmo Pont 10 Piso 7 ,Melilla,La Coruña,España,94869,EMP8948,Villanueva-Baños,+34730 361 007,+34730 177 375,Tenetur nisi repellat repellendus vel ipsam aut.
Ismael Campillo Rocha,loboencarnacion@dominguez.org,ismael.campillo.rocha@empresa.com,baja,+34 704 15 59 67,"C, CE",Tarjeta Crédito Gris gainsboro (Estaño),ES4333849655,False,2029-01-05,39170335P,1959-05-07,2016-03-15,,C. Eugenia Quintero 73 Puerta 1 ,Segovia,Lleida,España,17394,EMP6248,Cornejo-Ferrández,+34685 86 53 92,+34746 871 413,Nemo ratione tempora laboriosam non.
Alexandra Ros Aguado,celia17@gmail.com,alexandra.ros.aguado@empresa.com,baja,+34 727 92 11 62,"B1, C",Tarjeta Débito Beige antiguo,ES5069893546,True,2031-05-28,63989701S,2002-01-08,2020-10-31,,Plaza de Rebeca Gual 334 Piso 1 ,La Coruña,Valencia,España,55290,EMP5092,Baeza-Aguilar,+34 711 101 561,+34701 973 844,Occaecati aspernatur veniam sequi a perferendis nam consequuntur.
Juan Manuel Mateo,quirosale@gmail.com,juan.manuel.mateo@empresa.com,inactivo,+34 723104481,"C1, BE",Tarjeta Débito Cyan oscuro,ES7736556192,False,2028-05-30,18822063W,1964-10-24,2024-03-19,,Via de Alicia Planas 4 Apt. 23 ,Córdoba,Valladolid,España,69368,EMP3599,Riba Group,+34714 032 391,+34739 32 52 82,Rem tenetur cupiditate suscipit dolores nesciunt.
Soraya Matilde Montesinos Dalmau,gil96@jorda-mata.org,soraya.matilde.montesinos.dalmau@empresa.com,activo,+34 668681114,"A2, B",Telemat Amarillo verde,ES3306409805,True,2034-10-05,71555906S,1970-08-14,2023-06-14,,Rambla Ágata Palacio 112 Puerta 4 ,Ciudad,Lleida,España,16266,EMP0323,Verdugo-Martinez,+34 728 029 559,+34739773793,Rerum voluptate sequi et expedita natus officia corporis.
Edelmira Blázquez Beltrán,zgascon@albero-gil.es,edelmira.blázquez.beltrán@empresa.com,inactivo,+34 856761125,"C1E, B1",Tarjeta Débito Marrón,ES8423300805,False,2033-01-11,30829248I,1994-01-19,2023-03-12,,Via Aníbal Suarez 283,Santa Cruz de Tenerife,León,España,65485,EMP2207,Agudo Inc,+34670842874,+34711 62 79 63,Hic architecto numquam quas explicabo at quae accusantium.
Vicenta Berrocal Antúnez,jennifer84@castells.com,vicenta.berrocal.antúnez@empresa.com,inactivo,+34 730036072,"C1E, D",Tarjeta Débito Gris pizarra,ES2350283034,False,2028-09-06,43753916X,1998-04-06,2017-09-01,,Ronda Leire Prieto 71,Salamanca,Jaén,España,40330,EMP4544,Alfonso Group,+34 746 649 700,+34718 44 58 01,Quas atque illum consequuntur veniam rerum.
Juan Acevedo Castilla,carreraplinio@gmail.com,juan.acevedo.castilla@empresa.com,activo,+34 720 96 99 61,"A2, C1E",Telemat Cian clarto,ES3152552322,True,2027-01-29,58837743W,1977-09-14,2016-03-26,,C. de Félix Nieto 69 Apt. 11 ,Guipúzcoa,Vizcaya,España,55862,EMP7788,"Elorza, Quesada and Arjona",+34 741748903,+34 845 880 971,Inventore reiciendis sed est tempore debitis voluptatibus.
Gerónimo del Marquez,artemiomoreno@hotmail.com,gerónimo.del.marquez@empresa.com,baja,+34 749 67 57 79,"C1E, A1",Telemat Gris,ES9113798304,True,2031-11-24,76274511Y,1959-04-19,2024-08-10,2024-11-12,Calle de Nazaret Canales 32 Apt. 33 ,Teruel,Melilla,España,00834,EMP7612,"Vera, Villalonga and Gordillo",+34 974 611 399,+34979 92 71 56,Totam sequi dolore.
Nicolasa Torralba,armidapavon@hotmail.com,nicolasa.torralba@empresa.com,activo,+34889 86 81 84,"A1, C",Tarjeta Débito Orquídea medio,ES3976309007,True,2030-04-18,79499944U,1990-09-26,2019-07-23,2025-03-08,Via de Remedios Aroca 36 Puerta 6 ,Jaén,Santa Cruz de Tenerife,España,43475,EMP9160,"Jove, Ibañez and Nogueira",+34738398590,+34739 965 857,Quidem ullam libero impedit voluptates mollitia fugiat.
Esmeralda Gibert,torrijosprudencia@hotmail.com,esmeralda.gibert@empresa.com,baja,+34 730717761,"CE, A1",Tarjeta Crédito Orquídea púrpura oscuro,ES3500788369,True,2028-12-04,23385403M,1987-01-29,2025-02-26,,Paseo Nazario Aroca 23 Apt. 65 ,Cáceres,Lleida,España,55149,EMP7249,"Baeza, Fabra and Chaves",+34 934771469,+34 730 93 55 55,Voluptates aliquam voluptatem alias illum iusto asperiores.
Esmeralda Lara Palomo,hpou@gmail.com,esmeralda.lara.palomo@empresa.com,activo,+34 748 939 127,"BE, C1",Tarjeta Crédito Turquesa oscuro,ES0650761222,False,2030-04-16,05644685P,1959-07-23,2019-08-17,,Alameda de Obdulia Nieto 350 Piso 3 ,Las Palmas,Álava,España,77894,EMP3327,Feliu-Barrio,+34 960 08 23 69,+34926 902 220,Ipsam veniam perspiciatis id itaque non inventore.
Aitana Bautista Niño,antoniobarba@gallardo.org,aitana.bautista.niño@empresa.com,inactivo,+34607697216,"C, BE",Tarjeta Débito Azul marino,ES2183339192,True,2032-09-09,92105307F,1970-02-14,2018-03-18,2025-03-28,Calle Tomasa Casas 48 Puerta 7 ,Valencia,Cuenca,España,70549,EMP8578,"Salgado, Diaz and Codina",+34 716 322 801,+34 706980446,Facilis neque consequatur sunt laudantium accusamus.
Hilda Aliaga-Roldan,scortes@hotmail.com,hilda.aliaga-roldan@empresa.com,activo,+34 952 57 37 87,"AM, BE",Tarjeta Débito Rosa brumoso,ES4778840709,False,2030-11-24,65777061J,2001-02-05,2024-01-02,,Paseo Mariano Cortina 18 Puerta 2 ,La Coruña,Soria,España,64170,EMP0537,Villalobos Group,+34 705 668 803,+34 726 647 951,Iure minima tempore sunt.
Bonifacio Paniagua-Gárate,celso60@gmail.com,bonifacio.paniagua-gárate@empresa.com,inactivo,+34729198480,"C, D1E",Telemat Caqui,ES8701708671,False,2032-07-03,20771074D,1978-08-27,2019-02-08,,Paseo de Cristina Peralta 79,Tarragona,Burgos,España,61051,EMP1090,Somoza Inc,+34 747 850 205,+34 712 549 723,Cupiditate aspernatur voluptatibus cupiditate temporibus iusto temporibus ratione.
Edelmira Serna Múgica,mmontoya@sanmiguel.com,edelmira.serna.múgica@empresa.com,baja,+34 742 69 42 04,"D1, A2",Tarjeta Débito Blanco encaje,ES1641537405,False,2027-11-04,33793766V,1998-04-13,2022-11-14,,C. María Fernanda Acuña 855 Apt. 74 ,Zaragoza,Huesca,España,96881,EMP4499,Villalba Inc,+34 735862405,+34724 450 999,Ipsa delectus fugiat doloribus corporis ipsam nihil.
Virgilio Carnero Botella,nereida18@reguera-rodrigo.es,virgilio.carnero.botella@empresa.com,baja,+34743213596,"C1, D1",Tarjeta Débito Cyan oscuro,ES1830734800,False,2028-12-01,26425972A,1982-01-20,2020-11-27,,Camino Asunción Tomé 319 Apt. 47 ,Pontevedra,Toledo,España,74604,EMP2937,Tirado Ltd,+34714721461,+34732 758 045,Numquam tempore incidunt sint.
María Teresa Vara Villegas,vsosa@yahoo.com,maría.teresa.vara.villegas@empresa.com,baja,+34 858 47 41 34,"A, CE",Tarjeta Crédito Amarillo trigo,ES0192936059,True,2033-08-29,27519346P,1994-05-15,2015-09-22,,Callejón Prudencia Álvarez 84,Las Palmas,Toledo,España,61156,EMP8622,"Heredia, Barrios and Solana",+34 865 948 053,+34 746 022 743,Amet saepe vero debitis suscipit.
Anabel Riba Cáceres,yago56@gmail.com,anabel.riba.cáceres@empresa.com,inactivo,+34 721 213 807,"B1, A2",Telemat Amarillo dorado pálido,ES8287806615,False,2031-05-06,59858663W,1988-09-22,2020-10-22,2025-01-05,Pasadizo Ambrosio Dalmau 682 Apt. 12 ,Las Palmas,Palencia,España,59469,EMP9842,"Valls, Crespi and Macías",+34720 520 313,+34712 98 87 12,Quia ullam dignissimos inventore fugit.
Emilia Castañeda Salas,bcerdan@hotmail.com,emilia.castañeda.salas@empresa.com,activo,+34725 27 28 76,"B, B1",Tarjeta Débito Gris mate,ES0320877834,False,2033-09-15,10628334O,2002-05-10,2021-02-28,,Urbanización de Octavio Rodríguez 33 Piso 7 ,Almería,Córdoba,España,35859,EMP7302,Giménez-Castañeda,+34 708570424,+34 702 555 468,Quas praesentium dolore neque ipsum totam itaque aliquam.
Baldomero Ricart Tapia,modesta96@machado.net,baldomero.ricart.tapia@empresa.com,inactivo,+34865690448,"CE, C",Telepeaje Azul claro,ES4673322912,False,2031-01-31,89558770A,2004-02-14,2022-06-17,2025-03-17,Callejón Matías Lorenzo 56,Madrid,La Rioja,España,89530,EMP1203,Vidal Inc,+34721 38 71 62,+34703356890,Tempora molestias voluptatum alias perferendis veniam.
Salud Gil Gabaldón,pilar35@yahoo.com,salud.gil.gabaldón@empresa.com,inactivo,+34730 277 287,"D, A",Telemat Gris,ES1565969579,True,2031-04-18,57595995X,1960-12-27,2021-02-01,,C. Eloy Blanch 51 Puerta 5 ,Asturias,Navarra,España,95252,EMP5207,"Ávila, Valle and Céspedes",+34 726 511 921,+34 715 74 45 20,Aliquam rem consequatur occaecati quisquam.
Jesús Francisco-Amigó,baudelio35@herranz.com,jesús.francisco-amigó@empresa.com,inactivo,+34644 02 93 63,"DE, D1",Tarjeta Crédito Azul oscuro,ES4094121805,False,2029-01-23,57959900S,1991-10-27,2019-07-25,,Urbanización Vera Correa 74,Ávila,Navarra,España,13434,EMP8571,Gargallo PLC,+34719 62 76 86,+34 732 734 211,Ad cumque assumenda possimus.
José Blanes,brionesluis-miguel@mayoral.com,josé.blanes@empresa.com,baja,+34718819664,"C1E, BE",Telepeaje Oro,ES5231919908,False,2028-11-18,13356831C,1969-07-30,2019-03-26,,Cuesta de Baltasar Mas 8 Apt. 03 ,Salamanca,Baleares,España,40501,EMP3320,Lladó LLC,+34735607148,+34746 507 752,Provident officiis corrupti asperiores fugiat quia.
Haroldo Amo Ferrández,buendiaflorinda@hotmail.com,haroldo.amo.ferrández@empresa.com,inactivo,+34605 70 39 96,"A1, C1",Tarjeta Crédito Azul oscuro,ES3066700599,True,2031-01-15,69669323N,1990-08-24,2016-04-08,,Via de Manuelita Monreal 800,Cuenca,Segovia,España,86332,EMP3430,Nebot-Tudela,+34 704 88 83 92,+34 675909722,Sed eveniet molestiae possimus placeat mollitia excepturi.
Gaspar Molina-Capdevila,riveromerche@garmendia.com,gaspar.molina-capdevila@empresa.com,baja,+34 667883873,"BE, B1",Telepeaje Púrpura,ES6932380043,False,2033-04-04,47584664H,1988-07-27,2023-06-03,,C. Jerónimo Tudela 3 Apt. 63 ,Lleida,Guipúzcoa,España,29776,EMP0145,"Matas, Acuña and Vilalta",+34 741 441 572,+34701436116,Fugit aut harum adipisci dicta fugiat at.
Carina Gloria Alonso Méndez,leire46@yahoo.com,carina.gloria.alonso.méndez@empresa.com,inactivo,+34 926 83 68 43,"C1, A",Tarjeta Crédito Chocolate,ES7714034454,True,2032-01-05,95660030F,1965-07-27,2022-04-19,2024-12-10,Cuesta Maura Conde 78,Cuenca,Soria,España,17368,EMP3850,"Morcillo, Sanmartín and Almazán",+34733409916,+34715 08 11 36,Sequi quidem veniam dolores repellendus.
Lisandro Lladó-Fabregat,aaragon@hotmail.com,lisandro.lladó-fabregat@empresa.com,activo,+34702 795 951,"BE, C",Tarjeta Crédito Orquídea,ES4295449669,False,2031-11-12,42175627V,1970-09-24,2023-10-10,,Via Severino Batlle 53,Lleida,Palencia,España,59235,EMP1638,Cámara Group,+34 889 71 00 17,+34 978 129 457,Veritatis qui dolores sequi soluta quod.
Encarna Luján-Bosch,eufemiahigueras@yahoo.com,encarna.luján-bosch@empresa.com,inactivo,+34735 28 33 72,"A, B",Tarjeta Débito Verde primavera,ES8756798130,True,2028-08-13,65647711V,1994-06-27,2024-10-17,2024-05-25,Calle de Imelda Vélez 141,Toledo,Ourense,España,16114,EMP6446,"Bilbao, Calderón and Vargas",+34 609754247,+34 738852377,Nam saepe quas itaque animi.
Manuelita de Colom,francisco-josemuniz@gmail.com,manuelita.de.colom@empresa.com,activo,+34 701808226,"A2, A1",Tarjeta Crédito Chocolate,ES7990966602,False,2033-08-01,53839571A,1980-03-07,2022-02-09,,Plaza Paula Alcalá 17,León,Alicante,España,78088,EMP6693,Arce Group,+34730 98 34 84,+34742674876,Nulla expedita sequi reiciendis.
Santiago Nieto-Prat,bcanas@yahoo.com,santiago.nieto-prat@empresa.com,inactivo,+34854 198 281,"C1E, AM",Tarjeta Crédito Azul Alicia,ES7947795003,True,2031-06-28,52202626N,1974-08-16,2016-04-02,2024-06-28,Callejón de Onofre Duarte 47,Álava,Salamanca,España,74063,EMP5168,Collado-Comas,+34 876 75 12 58,+34 727990053,Quam quisquam nobis distinctio consequatur ipsa.
Efraín Castilla,josefina62@gual.net,efraín.castilla@empresa.com,inactivo,+34622 593 103,"A, B",Tarjeta Crédito Índigo,ES3700894234,False,2026-11-03,37043333R,1967-09-07,2024-05-27,,Acceso de Sabas Blanca 85,Cuenca,Lleida,España,71985,EMP1769,"Pol, Alegre and Polo",+34 705 54 42 15,+34683 792 640,Dignissimos corporis reprehenderit dicta voluptas voluptas.
Lourdes Ávila Pareja,lucila28@garcia.es,lourdes.ávila.pareja@empresa.com,inactivo,+34697833150,"C, C1E",Tarjeta Débito Azul violeta,ES3219859655,True,2027-08-20,02506668Z,2002-09-02,2015-11-20,,Urbanización de Manuel Urrutia 27 Piso 9 ,Ciudad,Burgos,España,91038,EMP5242,Piquer-Domingo,+34 815596374,+34 739639949,Totam enim dicta natus eum quia.
Fidela Rozas Pedro,sorianobautista@trujillo.com,fidela.rozas.pedro@empresa.com,activo,+34 810273663,"AM, B1",Tarjeta Débito Verde oscuro,ES2567322348,False,2033-12-13,49391660Z,1965-10-18,2025-02-17,2024-05-23,Cañada Carlota Vives 16,Castellón,Valencia,España,64478,EMP9378,Parejo-Losa,+34 737 609 093,+34616 458 104,Quibusdam repellendus quaerat in vero saepe.
Zacarías Uribe-García,vbarbera@morell.com,zacarías.uribe-garcía@empresa.com,activo,+34705 66 51 83,"A, D1E",Tarjeta Crédito Amarillo trigo,ES7847719888,False,2030-04-13,74345096G,1980-12-17,2018-11-27,,Rambla de Margarita Morales 3,Alicante,Málaga,España,46924,EMP3435,Álvaro-Ramirez,+34745212156,+34 703 871 088,Distinctio sint in.
Graciano Ignacio Abascal Marí,albinaquevedo@sainz-llorente.es,graciano.ignacio.abascal.marí@empresa.com,activo,+34719 116 122,"CE, C1E",Tarjeta Crédito Índigo,ES1503965586,True,2034-10-24,19004158M,1974-05-05,2018-12-01,,Vial de Ramona Ricart 20,Málaga,Guadalajara,España,00295,EMP7380,Anguita Inc,+34 714571815,+34710619499,Blanditiis totam numquam quam alias explicabo blanditiis atque.
Consuela Requena-Ríos,eugarte@aguilera-alberdi.org,consuela.requena-ríos@empresa.com,activo,+34629328507,"C1E, AM",Tarjeta Débito Gris pizarra,ES1961293321,True,2029-07-28,49522094C,1962-10-23,2018-11-20,,Cuesta Ana Sofía Parejo 785 Apt. 74 ,Jaén,La Coruña,España,12620,EMP3069,Beltrán-Román,+34 727 12 11 86,+34 711 811 239,Unde deserunt delectus facere soluta magni libero quam.
Amor Romeu Contreras,luisolalla@nogueira.com,amor.romeu.contreras@empresa.com,activo,+34 896 196 804,"D1, BE",Telemat Rojo oscuro,ES5052112036,True,2026-05-12,81641804Q,1986-12-17,2015-12-26,,Via de José María Arenas 734,Córdoba,Cuenca,España,06095,EMP8062,"Saura, Jáuregui and Niño",+34869 839 859,+34807 42 94 14,Pariatur omnis enim facere.
Yésica Rosa Escamilla,ileanamaestre@yahoo.com,yésica.rosa.escamilla@empresa.com,inactivo,+34869 195 301,"DE, B",Telemat Salmón oscuro,ES6472861746,True,2035-02-01,59026297Y,1965-01-11,2017-04-26,,Vial de María José Pujol 40 Piso 9 ,Cuenca,Zaragoza,España,89670,EMP1656,Valenciano Ltd,+34640 215 723,+34 732 524 235,Exercitationem quia rerum a.
Petrona Yáñez Mendizábal,santamariageraldo@gmail.com,petrona.yáñez.mendizábal@empresa.com,baja,+34 605 20 53 53,"DE, D1",Tarjeta Débito Azul acero,ES1318456059,True,2030-03-04,42322109F,1969-04-03,2025-02-07,,Urbanización de Luciana Canales 51 Apt. 87 ,Córdoba,Tarragona,España,77982,EMP4021,Roldán PLC,+34 831379981,+34910096242,Exercitationem iure quo quidem ipsa dolor.
Fidela Varela Sáenz,maura52@yahoo.com,fidela.varela.sáenz@empresa.com,inactivo,+34 734888237,"A, B",Tarjeta Débito Cyan oscuro,ES2544225351,True,2027-05-31,78828050P,1976-05-23,2020-12-25,,Paseo Magdalena Águila 88 Apt. 04 ,La Coruña,Lugo,España,66082,EMP8874,Valle-Salom,+34 732 075 313,+34736 85 93 15,Id atque omnis laboriosam.
Pelayo Vinicio Blanca Jimenez,abrahamcarro@gmail.com,pelayo.vinicio.blanca.jimenez@empresa.com,activo,+34914 452 996,"A, BE",Tarjeta Débito Marrón,ES4574433199,False,2034-05-29,11533349C,1970-06-18,2022-08-12,,Avenida Amador Arroyo 44 Piso 4 ,Huesca,Valencia,España,86188,EMP8178,Baeza-Castrillo,+34 659 927 943,+34736 382 749,Veritatis distinctio blanditiis.
Ciro Grande Montoya,saavedraalberto@yahoo.com,ciro.grande.montoya@empresa.com,inactivo,+34723 148 368,"D, A1",Tarjeta Débito Rosa brumoso,ES7477740703,False,2033-02-10,66560076T,1968-09-26,2018-01-06,,Rambla Mirta Castejón 4,Murcia,Cáceres,España,84726,EMP4393,Alba LLC,+34745 96 92 06,+34860 485 312,Dolorum totam dignissimos excepturi repellat.
Luis Miguel Bravo-Capdevila,gortega@gmail.com,luis.miguel.bravo-capdevila@empresa.com,activo,+34 921 06 37 81,"D, CE",Tarjeta Crédito Índigo,ES7048364811,False,2033-04-01,59558594K,1964-03-30,2019-06-17,,Via Horacio Redondo 66 Puerta 7 ,Madrid,La Coruña,España,68777,EMP5935,"Rodríguez, Bello and Gallardo",+34 711 74 91 95,+34 748088426,Sequi deleniti non accusamus repellat sed beatae.
Alcides Burgos Benavides,emiliacamino@mena-zaragoza.com,alcides.burgos.benavides@empresa.com,inactivo,+34 714 23 64 79,"CE, A1",Tarjeta Crédito Turquesa oscuro,ES2149901086,True,2027-12-01,64790499F,1982-07-30,2023-06-13,2024-07-01,Pasaje de Emperatriz Piquer 73,Cádiz,Alicante,España,10237,EMP2643,"Durán, Barceló and Pascual",+34969972459,+34741 557 932,Iure blanditiis perspiciatis est nulla rerum iure.
Clarisa España Riba,vverdejo@verdugo-rivera.com,clarisa.españa.riba@empresa.com,baja,+34 708 597 358,"D, B",Tarjeta Crédito Oliva,ES6794336447,True,2027-02-17,26327676Z,1983-02-14,2021-12-16,2025-02-12,Pasadizo de Victor Ponce 59 Puerta 4 ,Valencia,Ávila,España,53474,EMP5024,Pastor and Sons,+34727 290 848,+34665394503,Rem expedita mollitia velit quo laboriosam.
Glauco Gras Garzón,angela69@estevez.com,glauco.gras.garzón@empresa.com,activo,+34 669648040,"C1E, D1",Tarjeta Débito Turquesa oscuro,ES7373041506,True,2029-12-23,24051026X,1994-05-30,2019-03-08,2025-03-08,Glorieta de Heriberto Manuel 57 Puerta 6 ,Tarragona,Zamora,España,60332,EMP7399,Lamas-Cantón,+34 739 20 94 10,+34 730 276 078,Placeat nisi beatae error.
Dorotea Serrano,hfrancisco@gmail.com,dorotea.serrano@empresa.com,inactivo,+34 606144357,"D1, CE",Tarjeta Crédito Verde oliva oscuro,ES5478935052,False,2033-03-26,02706875B,1991-04-10,2016-04-15,,Paseo Irma Carretero 39 Apt. 61 ,Ourense,Baleares,España,37745,EMP9984,"Calatayud, Galan and Hurtado",+34668 705 807,+34731065106,Aliquam alias iste dignissimos modi.
Isidro Juan Manuel Leiva Vila,gonijose-manuel@ortega.es,isidro.juan.manuel.leiva.vila@empresa.com,baja,+34 734 04 49 27,"A, AM",Tarjeta Débito Gris pizarra,ES2809031788,False,2030-06-05,64316785V,2001-09-25,2023-10-23,,Callejón de Tamara Arnaiz 689 Puerta 9 ,Albacete,Cantabria,España,07560,EMP5269,"Balaguer, Casanova and Pardo",+34 703029996,+34933 092 356,Eaque a doloribus ipsam odit blanditiis.
Eli Barrena Escolano,ambarcardenas@gmail.com,eli.barrena.escolano@empresa.com,inactivo,+34 629 531 850,"DE, AM",Tarjeta Débito Blanco encaje,ES0423182068,False,2028-05-29,04810930W,1979-06-29,2024-04-15,,Glorieta de Yolanda Villalonga 87 Puerta 7 ,Palencia,Zaragoza,España,45538,EMP1518,Torre and Sons,+34713 82 64 29,+34 741 85 25 57,Quo quos optio aspernatur temporibus nihil.
Amando de Rocha,juan-francisco87@yahoo.com,amando.de.rocha@empresa.com,inactivo,+34 745 048 849,"D1, C1E",Telepeaje Blanco nieve,ES1508924464,False,2026-12-17,35076955Y,1983-03-27,2018-11-02,2024-08-26,Calle Anunciación Cañete 87 Piso 4 ,Vizcaya,León,España,74592,EMP5412,Vilar Group,+34 849379790,+34 870 455 948,Necessitatibus qui iure eaque quaerat.
Isaías Roldan Cazorla,modesta67@correa.es,isaías.roldan.cazorla@empresa.com,baja,+34733502767,"B, DE",Telemat Cian clarto,ES4906412272,False,2034-06-22,65314513R,1966-04-14,2023-09-15,,Alameda Lorenzo Pastor 48,Huelva,Huelva,España,56216,EMP8335,"Tomás, Ribera and Ribera",+34908950491,+34 886 043 171,Tenetur perspiciatis nam quisquam atque quaerat.
Marisela Guardiola Gisbert,xarteaga@hotmail.com,marisela.guardiola.gisbert@empresa.com,baja,+34713 16 08 98,"A2, A1",Telemat Beige limón,ES8850105583,True,2027-08-05,11532026S,1962-07-24,2015-10-27,,Glorieta Concepción Rosselló 17,Álava,Sevilla,España,88782,EMP1889,Álvarez LLC,+34 707 81 67 66,+34 642083481,Eos quia illo eos.
Carlito Rey-Melero,jimenezabigail@hotmail.com,carlito.rey-melero@empresa.com,baja,+34713279663,"B, C",Telepeaje Rojo ladrillo,ES7958187744,True,2029-02-17,46871446N,1974-01-16,2024-12-09,,Avenida Nélida Morillo 76 Piso 2 ,Salamanca,Cuenca,España,26908,EMP9649,Portero-Ripoll,+34708 11 82 29,+34 832468722,Dolorem dignissimos laborum.
Remedios del Baeza,friasaranzazu@yahoo.com,remedios.del.baeza@empresa.com,inactivo,+34648 578 304,"C1E, A2",Tarjeta Crédito Marrón caqui,ES5596576578,True,2032-10-25,80055126O,1991-11-09,2022-06-24,,Callejón de Iker Ribas 82 Apt. 56 ,Córdoba,Las Palmas,España,34420,EMP0421,"Viana, Rosado and Salazar",+34 971 52 03 51,+34991 98 50 56,Occaecati doloremque et sequi eum molestiae.
Ciríaco Estevez-Estevez,treig@gmail.com,ciríaco.estevez-estevez@empresa.com,baja,+34 717904233,"A, B",Telemat Amarillo dorado pálido,ES8106089170,True,2026-11-29,52291845D,2003-10-15,2020-04-14,,Plaza de Nazario Cazorla 30 Piso 9 ,Badajoz,Baleares,España,35830,EMP4077,"Pazos, Casal and Giner",+34 706 109 221,+34889 745 371,Voluptatum dolores rerum aliquam doloribus.
Begoña Isidora Luján Ibarra,severianorodriguez@ortega-puig.com,begoña.isidora.luján.ibarra@empresa.com,inactivo,+34 713361655,"A, D1",Tarjeta Crédito Chocolate,ES8062475552,False,2033-06-03,72036702D,1980-08-19,2017-03-06,,Acceso Vera Rueda 770,Guadalajara,Lleida,España,12181,EMP6793,Hernando LLC,+34 729330548,+34 709 51 65 70,Neque deleniti similique provident dolorem corporis.
Hector Landa Revilla,mamen19@gmail.com,hector.landa.revilla@empresa.com,baja,+34 804115488,"B1, B",Tarjeta Crédito Turquesa oscuro,ES0510933465,False,2030-06-23,36330575S,1979-11-09,2018-07-21,,Plaza Crescencia Luján 7 Piso 3 ,León,Alicante,España,17047,EMP0125,"Doménech, Goicoechea and Garay",+34997 17 85 68,+34 747 697 505,Atque veritatis dolores porro natus adipisci praesentium voluptatem.
Palmira Parejo Blanes,jose-miguelbeltran@yahoo.com,palmira.parejo.blanes@empresa.com,activo,+34733647089,"D1, BE",Telepeaje Azul cielo profundo,ES4406545259,True,2029-09-16,57076509Q,1985-12-07,2018-04-28,2025-03-08,Paseo de Silvia Montes 32,Baleares,Palencia,España,60261,EMP1868,Carpio Inc,+34743609194,+34720817003,Libero illo cumque ad.
Joaquina Sola,fayala@yahoo.com,joaquina.sola@empresa.com,activo,+34709 72 68 21,"D1E, AM",Tarjeta Débito Rojo,ES1956964607,True,2033-11-28,35956919K,1969-06-02,2015-11-21,2024-08-20,Acceso Salvador Heredia 974,Huelva,Alicante,España,75167,EMP4867,Parejo PLC,+34 682 177 487,+34 707 79 35 99,Omnis esse modi fuga non nihil.
Chus Orozco Coca,folchbernabe@pinto.com,chus.orozco.coca@empresa.com,activo,+34 867191969,"AM, D",Tarjeta Crédito Azul oscuro,ES9335303138,False,2034-05-26,83056828Z,1991-10-01,2021-08-15,,Alameda Pía Muñoz 36,Barcelona,Pontevedra,España,87478,EMP1128,Quintana PLC,+34709 34 51 73,+34722229317,Magni excepturi ut recusandae necessitatibus eius quam.
Florentina Baquero Molina,uuria@yahoo.com,florentina.baquero.molina@empresa.com,baja,+34721743124,"C1E, D",Tarjeta Crédito Blanco encaje,ES3453538115,False,2034-09-06,50927209R,1994-05-06,2015-11-07,2025-01-14,Camino de Judith Perea 75,Salamanca,Córdoba,España,39168,EMP8550,Lladó-Goñi,+34734410104,+34 879749354,Corrupti ullam a sed reiciendis magnam soluta nostrum.
Virginia María Ángeles Carballo Gargallo,rafaelsanabria@gallo-alvaro.org,virginia.maría.ángeles.carballo.gargallo@empresa.com,baja,+34911157034,"C1E, A1",Tarjeta Crédito Azul oscuro,ES7560164262,True,2031-05-25,55462021O,1982-07-06,2019-07-11,,Vial Gracia Iborra 840 Apt. 73 ,Ceuta,Cuenca,España,60954,EMP7006,Iborra PLC,+34810795163,+34 732 14 12 02,Enim autem excepturi architecto.
Alondra Nebot,graciana18@hotmail.com,alondra.nebot@empresa.com,baja,+34 734 13 33 66,"C, D1E",Telepeaje Turquesa medio,ES5028591565,True,2028-03-30,79157829D,1981-08-30,2018-04-14,,Rambla Che Carmona 5 Apt. 99 ,Málaga,Baleares,España,14013,EMP8569,"Falcó, Carrillo and Luís",+34 706520120,+34 747 402 098,Praesentium ipsa voluptatem maiores maxime.
Filomena Martinez Benavent,zestevez@casanovas.es,filomena.martinez.benavent@empresa.com,activo,+34705 91 64 49,"B, D1",Tarjeta Débito Cyan oscuro,ES1532180113,False,2027-04-23,85231568X,1970-11-19,2019-04-10,,Paseo Josué Alberola 52 Piso 2 ,Lugo,Ávila,España,20253,EMP4238,Sainz-Ariza,+34727 604 293,+34898 76 67 40,Praesentium tempore libero sint asperiores ipsum excepturi.
Tadeo Omar Azorin Almagro,jovitaaraujo@beltran-alfonso.es,tadeo.omar.azorin.almagro@empresa.com,activo,+34 847254265,"D1E, D",Tarjeta Crédito Púrpura,ES4168939276,False,2030-03-29,98523818K,1994-01-20,2025-01-25,,Glorieta de Herminia Delgado 78,Lugo,Valencia,España,42357,EMP3189,"Pedrero, Gutierrez and Bejarano",+34 736 992 135,+34 647050707,Fugiat quam mollitia quo error eligendi neque.
Rosa María Zaira Pulido Figuerola,gpina@yahoo.com,rosa.maría.zaira.pulido.figuerola@empresa.com,activo,+34736 21 38 05,"D1E, B1",Telepeaje Rosa caliente,ES9519484542,True,2029-01-12,59551330V,1981-07-16,2016-05-28,,Via de Cándida Reyes 25 Puerta 1 ,Pontevedra,La Rioja,España,45136,EMP3659,Naranjo Ltd,+34 841 737 223,+34 926 78 70 32,Odio molestias consequuntur aspernatur aperiam.
Sabina Grau,ileana75@gmail.com,sabina.grau@empresa.com,activo,+34 612 759 637,"A1, C1E",Tarjeta Débito Gris mate,ES3114933108,True,2034-10-31,62306594R,1961-01-19,2015-09-19,,Pasadizo Nicolasa Alfonso 56,Teruel,Ávila,España,02182,EMP4140,"Bonet, Salvà and Arroyo",+34 984616878,+34723 214 999,Similique sequi distinctio consectetur accusantium deleniti est.
Dominga Garcés Fuentes,efrain10@yahoo.com,dominga.garcés.fuentes@empresa.com,activo,+34 610 04 60 10,"D1, BE",Tarjeta Crédito Azul oscuro,ES4131355579,True,2031-06-04,20722395B,1990-11-08,2017-06-24,,C. de Narcisa Benítez 998,Teruel,Navarra,España,76775,EMP1387,Benito-Castells,+34 739818939,+34732 048 730,Facere nesciunt eum qui illum.
Roxana Blazquez,lisandrocarballo@hotmail.com,roxana.blazquez@empresa.com,baja,+34710796403,"C1E, D1",Tarjeta Débito Azul acero claro,ES1575859391,False,2031-10-18,36205449M,1975-04-16,2025-03-09,,Avenida de Ileana Molina 70,Melilla,Guadalajara,España,70207,EMP1537,"Lorenzo, Estevez and Ballesteros",+34715 55 53 54,+34 700 78 96 77,Soluta modi rem unde cum quaerat quas.
Rico Angulo Arias,irisagullo@yahoo.com,rico.angulo.arias@empresa.com,baja,+34 894 711 246,"D, B",Telemat Rojo oscuro,ES1757804104,False,2033-07-14,67186442B,1967-11-03,2020-03-26,,Calle de Josefa Jordán 886 Apt. 10 ,Málaga,Lleida,España,03325,EMP7044,Andres Group,+34 624668997,+34704 90 30 43,Voluptatem rem ipsam nisi qui ut nemo.
Heriberto Cuevas-Luque,lumbrerasrita@hotmail.com,heriberto.cuevas-luque@empresa.com,activo,+34 613 018 643,"A2, CE",Tarjeta Crédito Azul acero,ES2314565181,True,2029-01-31,75917003R,1975-09-24,2023-02-03,,Vial Paulino Piquer 14 Puerta 5 ,Jaén,Barcelona,España,12311,EMP5411,Amores Ltd,+34 906071369,+34 730052214,Cum sint quos ipsa voluptates.
Reinaldo del Folch,maximianorodriguez@gmail.com,reinaldo.del.folch@empresa.com,inactivo,+34 661 599 944,"BE, A2",Tarjeta Crédito Marrón caqui,ES2618455375,False,2028-11-19,68295081R,2000-11-28,2025-02-19,,Rambla Nerea Feliu 63 Puerta 5 ,Huelva,Málaga,España,35288,EMP0507,Arroyo-Valencia,+34738 19 73 54,+34 702 52 47 77,Ducimus quod earum hic recusandae doloribus esse.
Sancho Amando Atienza Royo,ivicente@martorell-rovira.com,sancho.amando.atienza.royo@empresa.com,baja,+34675 53 77 93,"B, D1E",Tarjeta Débito Rosa caliente,ES8546091210,False,2030-08-02,07254539B,1962-03-22,2016-11-01,,Camino Perla Girón 84 Apt. 79 ,La Coruña,Barcelona,España,17431,EMP6032,Barral-Guardia,+34694 39 88 44,+34 878952361,Nihil eaque impedit ea unde esse praesentium.
Olivia Pablo Sastre,vidalferrando@canales.com,olivia.pablo.sastre@empresa.com,inactivo,+34721 832 240,"D1E, C1E",Tarjeta Débito Cyan oscuro,ES2393627617,False,2033-03-19,40404655G,1964-10-03,2018-01-15,,Pasadizo Cebrián Casado 6 Apt. 22 ,Alicante,Lugo,España,59528,EMP2767,Llamas-Esparza,+34 739354337,+34 722783969,Aspernatur vero blanditiis accusamus.
Abigaíl Tovar Sainz,jimenezguillermo@iglesias.es,abigaíl.tovar.sainz@empresa.com,baja,+34 733 71 55 73,"A, C1",Tarjeta Débito Rosa brumoso,ES1052089831,False,2033-12-20,30950793O,1991-01-17,2022-11-26,,Vial Emma Tamayo 24,Melilla,Guipúzcoa,España,27590,EMP8268,"Alfaro, Abad and Barral",+34742 208 712,+34 689 452 395,Impedit alias doloremque asperiores eveniet nulla quod.
Lorena Palmira Sobrino Orozco,cpalomo@andreu.net,lorena.palmira.sobrino.orozco@empresa.com,inactivo,+34 988 806 094,"C1, AM",Tarjeta Débito Amarillo claro,ES1750241300,True,2033-10-23,88675875V,1996-02-02,2021-01-04,,Camino de Marisa Caballero 15,Salamanca,León,España,36694,EMP6272,"Román, Nicolau and Calvet",+34701420438,+34 850 46 21 76,Optio ut non dicta nemo.
Balduino Ibán Pina Sanchez,salacayetana@hotmail.com,balduino.ibán.pina.sanchez@empresa.com,activo,+34716985857,"D1, A2",Telemat Beige limón,ES4911066726,False,2031-03-11,18793978N,1980-10-31,2018-12-12,2024-09-28,Avenida Feliciano Lopez 731 Puerta 4 ,Soria,Sevilla,España,43780,EMP4704,Tolosa Ltd,+34733651875,+34892 692 032,Veritatis vitae quod blanditiis facilis tempora voluptatibus.
Casemiro Ibañez Acuña,zacarias89@cardona-pedrero.net,casemiro.ibañez.acuña@empresa.com,activo,+34 842566009,"D1E, B",Tarjeta Crédito Azul oscuro,ES8057836903,True,2026-10-14,34136532L,1994-05-06,2020-10-04,,Pasaje de Rosenda Sainz 8 Apt. 60 ,Madrid,Cuenca,España,14337,EMP0049,Torrents LLC,+34 703 68 71 63,+34976215774,Qui ducimus fugiat.
Isa Romeu,luis-angelvalera@bautista-lledo.com,isa.romeu@empresa.com,inactivo,+34685 314 198,"DE, D1",Telepeaje Azul claro,ES8726349212,True,2028-07-31,33998215K,1960-11-17,2015-07-03,2024-10-01,Vial Gisela Agudo 94,Vizcaya,Huelva,España,77154,EMP1766,Martin LLC,+34708 939 116,+34714 57 67 76,Repellendus quaerat harum similique laboriosam hic.
Feliciana de Aguirre,deliaruano@yahoo.com,feliciana.de.aguirre@empresa.com,inactivo,+34 735 21 75 04,"A2, DE",Tarjeta Crédito Gris mate,ES9988782988,False,2034-07-23,27544220B,1964-07-01,2024-09-07,,Ronda Tania Domínguez 487 Puerta 8 ,Zamora,Soria,España,00672,EMP4663,"Arcos, Hoyos and Cámara",+34 734 303 183,+34723301118,Pariatur id dolorum minus exercitationem.
Esther Pera Cañellas,fabio96@gmail.com,esther.pera.cañellas@empresa.com,activo,+34 731 43 69 74,"A, B1",Tarjeta Crédito Amarillo dorado,ES5783517983,False,2034-10-18,71355669B,1976-02-06,2018-09-20,2025-02-12,Callejón de Borja Simó 725 Apt. 19 ,Vizcaya,Valencia,España,24694,EMP7629,Pozuelo Ltd,+34704268517,+34737367990,Repellat a omnis ut.
Ruth Benítez Barragán,piedadagullo@gmail.com,ruth.benítez.barragán@empresa.com,baja,+34707212151,"DE, A",Tarjeta Crédito Turquesa oscuro,ES9045624462,True,2028-10-27,01656633M,1973-09-11,2021-04-06,,Cañada Gonzalo Catalá 62,Soria,Murcia,España,40307,EMP5598,Bastida-Llanos,+34 700248435,+34 717 450 933,Maiores sequi odit sunt.
Rosa María Josefa Amat Chaves,adalberto43@gmail.com,rosa.maría.josefa.amat.chaves@empresa.com,activo,+34 890 771 823,"C, D1E",Tarjeta Crédito Amarillo trigo,ES5327737655,True,2030-08-21,76172757O,1982-03-25,2020-09-17,,Cañada Adelina Cabanillas 76 Piso 1 ,Soria,Ciudad,España,92942,EMP7021,Barral-Cabello,+34 734339062,+34749 895 824,Labore dolor sunt natus rerum nobis nobis.
Dan Sandoval Caparrós,vascoolivares@herrera.es,dan.sandoval.caparrós@empresa.com,activo,+34701 42 11 62,"C1E, CE",Tarjeta Crédito Rojo carmesí,ES2065910044,False,2029-06-27,64364443K,1997-08-08,2022-05-18,2024-11-19,Vial de Faustino Aguilera 8,Cáceres,León,España,83527,EMP8087,"Montenegro, Toledo and Camino",+34 719 338 530,+34 909 006 325,Quasi incidunt vero ut suscipit eligendi fuga.
Azeneth Tello Daza,pamoros@yahoo.com,azeneth.tello.daza@empresa.com,inactivo,+34 863 32 46 56,"B, D1E",Tarjeta Crédito Azul acero,ES8415463517,False,2031-07-31,73518517Z,1997-12-21,2021-11-02,,Camino de Sebastian Morán 10 Puerta 3 ,León,Valencia,España,22964,EMP8421,Cuesta and Sons,+34 951455795,+34743 72 37 66,Earum eligendi vel.
Custodio Ambrosio Esteban Suarez,gimenezmorena@cortina-escamilla.com,custodio.ambrosio.esteban.suarez@empresa.com,activo,+34 609 352 439,"C1E, BE",Tarjeta Débito Cian,ES2295014962,True,2030-09-09,07695390I,1991-02-05,2024-06-03,,Cuesta de Samuel Seco 800,Granada,Granada,España,66694,EMP8360,"Mendoza, Gallo and Villaverde",+34708 250 855,+34732562972,Fugit quibusdam corporis rem quod eveniet.
Jose Francisco Hierro Mateu,ainaraballesteros@hotmail.com,jose.francisco.hierro.mateu@empresa.com,inactivo,+34714 72 33 44,"AM, B1",Tarjeta Débito Verde oliva oscuro,ES6661051496,True,2027-09-28,80686288Y,1994-08-23,2024-02-20,,Callejón Josué Iñiguez 4 Puerta 9 ,Ávila,Melilla,España,95613,EMP4408,"Goñi, Gutierrez and Cadenas",+34703801693,+34 876 91 23 77,Voluptas dolorum voluptas mollitia a quod soluta cum.
Antonio Pol Garrido,geraldo00@coronado.es,antonio.pol.garrido@empresa.com,activo,+34 831336314,"B, D1",Tarjeta Débito Rosa brumoso,ES0982127023,True,2028-05-04,89672012N,1982-12-02,2015-07-27,2025-03-19,Pasaje Amalia Montero 19,Tarragona,Álava,España,91765,EMP3244,"Gómez, Jimenez and Gil",+34971515474,+34719 117 087,Consequatur consequuntur voluptas.
Telmo Iñiguez Baeza,galavizcaino@franch.com,telmo.iñiguez.baeza@empresa.com,baja,+34 713216005,"C1, C",Tarjeta Crédito Gris gainsboro (Estaño),ES9324183252,True,2033-12-06,62520213H,1965-12-23,2022-09-09,,Cañada de Fito Ángel 72 Piso 0 ,Valencia,Valladolid,España,67811,EMP6786,"Cerdá, Aguilar and Escobar",+34 721 53 86 42,+34717 302 209,Error laboriosam rem velit dignissimos sequi eligendi.
nombre,correoElectronicoPersonal,correoElectronicoEmpresa,estado,telefono,tiposCarne,metodoPago,numeroPermisoConducir,permisoPermanente,fechaExpiracionPermiso,dni,fechaNacimiento,fechaIngreso,fechaBaja,direccion,ciudad,provincia,pais,codigoPostal,codigoEmpleado,empresa,telefonoPersonal,telefonoEmpresa,comentarios
Octavia Ramirez Sedano,cborrego@godoy.net,rosario80@martinez-tolosa.com,activo,+34 726 364 739,"C1,C,B1",MP-91945,75215957U,True,2027-06-16,09786267D,1978-12-10,2021-10-25,,"C. Paz Cañas 51
Barcelona, 39952",Segovia,Las Palmas,España,59839,EMP26392,"Cervera, Gargallo and Anglada",+34 851 320 503,+34701 157 425,Tempora occaecati asperiores cum minus.
Augusto Landa Leal,poloazucena@gmail.com,barcolalo@guzman.es,baja,+34 737623198,"D1E,BE,DE",MP-66514,40022512L,False,2034-06-17,42354750P,1983-01-23,2020-10-27,,"Avenida de Victoriano Izaguirre 4 Apt. 62 
Huelva, 37065",León,Huesca,España,27630,EMP88854,Huertas Group,+34 743 173 845,+34700943065,Corrupti sit nulla dicta vitae illo.
Celestino Tello Ruiz,novoaluis@belda.net,fustersosimo@villa.net,inactivo,+34 882 054 304,C1E,MP-2943,79217715S,False,2030-05-08,24350877B,1982-10-23,2023-06-16,,"Cuesta de Flavia Puga 899 Puerta 3 
Ceuta, 22065",La Rioja,León,España,52494,EMP35908,Padilla PLC,+34715385516,+34 723 113 967,Expedita molestiae impedit perspiciatis nam.
Borja Calvet Acuña,uriartemaria-jose@vizcaino.es,amarilis80@palma.es,inactivo,+34 711844182,"BE,C",MP-94238,19080069T,False,2031-11-25,10394939W,1964-12-06,2020-01-10,,"Rambla de Eusebia Larrea 96 Apt. 92 
Valladolid, 41271",Granada,Sevilla,España,86025,EMP05079,Gálvez LLC,+34701 43 42 90,+34712760600,Quod quidem eaque saepe.
Nélida Montero,juan-pablo81@pineiro.es,inocencio09@cases.com,inactivo,+34 704 98 68 49,A1,MP-78359,79179500L,False,2028-10-12,43641072B,1992-04-30,2019-11-17,,"Urbanización de Martina Fiol 45 Apt. 63 
León, 48333",Salamanca,La Coruña,España,07392,EMP97006,"Pastor, Puerta and Sanmiguel",+34 981 89 54 07,+34933 19 57 22,Nostrum libero nostrum qui illum.
Charo de Cortés,hortega@yahoo.com,martinmaria-cristina@ramis.com,inactivo,+34 721 492 556,"B,A",MP-85257,40964355E,False,2031-04-21,21170972Y,1975-04-26,2024-07-21,,"Ronda Jorge Guitart 3 Puerta 7 
Madrid, 71833",Córdoba,Cádiz,España,03789,EMP32663,Agudo Inc,+34 852 703 301,+34 738038872,Sunt alias quidem reprehenderit inventore esse.
Valero Céspedes Francisco,martirio58@hotmail.com,loidatejada@carrillo.es,baja,+34 717 05 96 62,A2,MP-84148,17411912G,True,2027-08-26,22597341T,1966-01-21,2018-01-09,,"Via de Nuria Nebot 925
Lleida, 56879",Guipúzcoa,Salamanca,España,22369,EMP08615,Amores-Higueras,+34727115701,+34 906 183 701,Occaecati quidem libero quas.
Pelayo Parra Berrocal,quevedoamada@mugica-elias.com,ismael17@pedrero.com,inactivo,+34709293004,"C,CE,A1",MP-7194,81906553I,False,2030-06-03,49044360V,1983-03-17,2023-07-19,,"Paseo de Constanza Pedraza 33 Apt. 94 
Ourense, 99288",Ciudad,Burgos,España,79821,EMP27776,"Mate, Capdevila and Villalobos",+34602975500,+34 803 170 394,Dolorem facere quaerat aspernatur.
Cintia Catalá Campillo,flavia90@garces-isern.net,xlanda@montes-cabrera.org,activo,+34 825 52 84 34,"C1E,D",MP-83134,42924641O,False,2029-04-12,64297300U,1962-03-13,2020-12-09,,"Cuesta Iker Alsina 4
Salamanca, 40604",Huelva,Salamanca,España,17315,EMP46530,"Ugarte, Cuadrado and Benitez",+34645 92 25 15,+34 729 465 797,Dolores qui qui consectetur doloribus.
Jacobo Cortés Esteban,emilia66@conde.net,mllobet@pinilla.es,baja,+34679424266,"C1E,C",MP-27109,17362662Z,False,2026-08-11,35231567E,1989-02-12,2020-09-23,,"Cuesta Domingo Conde 4
Madrid, 25406",Burgos,Las Palmas,España,53520,EMP53687,"Sales, Ortega and Márquez",+34730 004 772,+34 901730536,Aliquid inventore laudantium earum.
Delfina Flor Pol,sbaez@gmail.com,ebilbao@olive.org,baja,+34 938 231 889,A2,MP-64778,94009309B,True,2031-11-08,49046495P,1960-02-22,2021-03-01,,"Cañada de Alejo Pardo 22 Apt. 36 
Jaén, 01074",Albacete,Ceuta,España,70203,EMP83711,Franch-Alonso,+34829574569,+34618256071,Sequi provident nostrum necessitatibus.
Rosario Ros Anaya,molinalazaro@villalonga-camara.es,candelariavina@almansa.com,activo,+34 678858336,"D1E,C1E,C",MP-39358,89036554Z,True,2026-06-14,02522535U,1996-03-07,2019-07-05,,"Alameda Gabino Pallarès 51
Ávila, 85795",Huesca,Toledo,España,03371,EMP80185,"Santiago, Costa and Vargas",+34 700 80 22 28,+34 709 510 582,Dolorem ipsa nihil.
Tomás Sanabria Castilla,chema56@yahoo.com,izaguirrevirgilio@fernandez-elorza.es,activo,+34 706075109,"A2,DE",MP-8078,10493456L,False,2034-11-24,49095566E,1990-08-29,2020-09-25,,"Rambla Cebrián Solera 67 Puerta 3 
Lugo, 27776",Girona,Huesca,España,79853,EMP70520,"Durán, Oliver and Suarez",+34 709 79 46 50,+34 707422298,Saepe nemo itaque.
Humberto Cortés Giner,catalina54@rosales.es,amorelisa@campo-araujo.org,inactivo,+34 712 62 85 83,"A,B1,D",MP-7194,78023796L,False,2032-07-28,62704927N,1998-02-27,2017-07-18,,"Cuesta de Eloy Garcia 229
Ourense, 53422",Santa Cruz de Tenerife,Melilla,España,42333,EMP50522,"Albero, Serra and Blazquez",+34 682 423 635,+34667 748 733,Quod maiores nostrum ipsa accusantium nam.
Jordán del Gomez,sparedes@hotmail.com,felipa45@guzman-rojas.es,inactivo,+34 974 67 57 47,"BE,AM",MP-30717,92178114J,False,2032-07-14,68456671O,1964-05-20,2017-12-14,2025-04-13,"Via Jose Manuel España 87
Pontevedra, 97133",Badajoz,Segovia,España,00272,EMP61509,Rico and Sons,+34 703 293 834,+34958609884,Maiores sint quas esse.
Victor Evaristo Ríos Verdú,florindaprats@gmail.com,zbadia@espana-alcazar.com,baja,+34 925327100,"B1,CE",MP-50459,94066937O,True,2032-05-18,25013690V,1996-12-12,2017-12-02,,"Plaza Armando Bellido 6
Almería, 95035",Granada,Vizcaya,España,83714,EMP82868,"Vara, Castro and Salas",+34 700 889 861,+34735 64 99 56,Quasi harum et.
Isaura Tomás Gomez,benitobarbero@quero.com,tbilbao@boada-salmeron.es,activo,+34828 56 67 14,A1,MP-55197,88786246F,True,2029-12-15,86684972X,1974-12-23,2019-04-04,,"Calle de Virgilio Berenguer 88 Puerta 6 
Granada, 74493",Baleares,Soria,España,05111,EMP73868,Bartolomé-Coca,+34695189061,+34 642244418,Iure eligendi commodi atque magni soluta.
Amancio Ojeda Arce,lsalas@rosales.es,benavideslola@lorenzo.es,inactivo,+34 628 414 466,A1,MP-22383,74012915V,True,2026-10-27,24416569E,1976-07-15,2022-08-04,2026-03-16,"Rambla de Marcelo Llorens 771 Puerta 0 
Barcelona, 61718",Lugo,Burgos,España,00466,EMP51266,Ferrán-Hoz,+34633 38 38 82,+34712 49 76 33,Doloribus accusamus a doloribus iusto ex.
Arturo Coloma,yesicaduarte@yahoo.com,qpeiro@solsona.net,activo,+34611 52 23 81,B,MP-67226,32366774P,False,2030-09-03,60441091U,1965-01-21,2023-08-06,,"Glorieta de Gil Gascón 96 Piso 4 
Huelva, 71580",Madrid,Santa Cruz de Tenerife,España,75001,EMP67230,Castellanos-Araujo,+34971 96 75 33,+34 859 384 229,Velit occaecati expedita repellat.
Andrés Iñiguez-Navarro,narvaezlorenza@llabres-penalver.es,mamen42@salinas-catala.com,inactivo,+34963 251 809,"B,C1",MP-48515,18958640T,False,2027-11-13,13832928G,1962-10-18,2025-03-31,,"Pasaje Lucila Pina 16
Melilla, 76436",Toledo,Cádiz,España,69803,EMP85465,Iñiguez PLC,+34713 10 60 45,+34 729100231,Sequi provident cupiditate occaecati.
Paula Santamaría,jcorbacho@sanmiguel.net,sebastianmarquez@cazorla-lara.com,baja,+34609 036 147,AM,MP-86883,19415335E,False,2028-02-22,60082173U,1973-10-24,2015-09-04,,"Rambla de Dorotea Gelabert 258 Puerta 0 
Palencia, 61742",Navarra,Asturias,España,40887,EMP03466,"Araujo, Delgado and Rovira",+34681 53 47 80,+34 738609872,Quos aliquam assumenda sunt.
Begoña Elisabet Luna Durán,iduenas@bermejo-heredia.es,teodorocarrion@pedro.net,activo,+34 702 237 093,"B1,A,C1E",MP-65223,07251191Z,False,2030-02-23,68683710Z,1982-10-01,2020-09-16,2025-12-26,"Alameda Teófila Flor 77 Piso 3 
Cuenca, 95342",Murcia,Las Palmas,España,11121,EMP40355,"Escalona, Cal and Bilbao",+34 714959944,+34 721381222,Minus molestiae facilis adipisci sint.
Patricio Marcial Niño Cuervo,ariadnarosello@amor-villa.com,leonardo42@pino-burgos.es,baja,+34701285437,"A1,AM,D1E",MP-27109,35403006Q,True,2030-04-26,18208664S,1965-08-24,2019-11-09,,"Avenida de Jenaro Escribano 3
Barcelona, 16500",Guipúzcoa,Cuenca,España,10603,EMP09780,Oliva-Vicente,+34983 37 54 72,+34 748873926,Aliquam consequatur dicta quisquam modi nostrum.
Dominga Amo Salvador,ljauregui@gordillo.es,canalsmaricruz@barrios-arellano.es,activo,+34622657214,D1E,MP-7298,80355386V,False,2032-02-07,18404000J,1998-08-09,2024-02-28,2025-12-28,"Cañada Ezequiel Azorin 95
Vizcaya, 40465",Burgos,Pontevedra,España,89745,EMP60851,Córdoba PLC,+34 689385501,+34701361012,Cupiditate sapiente soluta perspiciatis iusto dolore vero.
Nilda Mateo,girongenoveva@hotmail.com,serranobenito@duenas.es,inactivo,+34 710 708 615,"AM,CE",MP-94031,46066531X,False,2034-07-17,57776870Z,2004-03-06,2021-11-15,,"Glorieta de Iván Royo 86
Ceuta, 41859",Alicante,Granada,España,15889,EMP60051,Torres-Blanca,+34 886 794 819,+34 887 360 568,Id itaque repudiandae fugiat dolores.
Zacarías Teobaldo Balaguer Montenegro,chaconlazaro@peinado.com,adoravazquez@azcona.es,baja,+34 726 96 35 44,CE,MP-99299,50562383B,False,2030-08-01,41093840A,1962-12-01,2015-12-29,2025-04-26,"Vial de Apolonia Mendez 85
Pontevedra, 08875",Jaén,Vizcaya,España,93613,EMP58185,Espejo LLC,+34 747532063,+34978 949 283,Ut incidunt esse neque tempore harum.
Gerardo Grau-Valenzuela,jose-manuel13@dieguez.es,calisto76@alcazar.es,inactivo,+34 738404068,"C,B1,A",MP-11836,57313858M,False,2029-05-26,77022472O,1967-11-14,2017-11-02,,"Glorieta de Íngrid Alberto 9
Jaén, 40721",Tarragona,Guipúzcoa,España,12068,EMP14378,"Gomez, Baños and Hurtado",+34736785231,+34733 959 954,Nisi placeat minus iste repellat dolor.
Lisandro Zamora-Mínguez,miriaminfante@carretero.es,heribertogarzon@manjon.com,baja,+34960024839,"AM,BE,D1E",MP-54644,14292539S,True,2032-10-16,09690242A,1985-02-23,2020-06-01,,"Pasadizo de Josué Arias 49 Apt. 96 
Madrid, 46662",Ciudad,Álava,España,64548,EMP10396,"Velasco, Borrás and Frutos",+34723 786 802,+34722 968 316,Ullam iusto quaerat nostrum.
Edgardo Castro Calleja,adrianabou@navarrete-arroyo.com,batallarenato@larranaga-egea.es,activo,+34 717027802,"B1,A,C1E",MP-7194,54791778S,False,2032-06-22,11822039T,1971-09-28,2023-04-16,,"Paseo Elvira Echevarría 817
Ciudad, 26266",Córdoba,Madrid,España,54993,EMP20135,Bermudez and Sons,+34710 655 651,+34 747 551 420,Ipsam officia nobis.
Dionisia Castelló,canetgraciano@gmail.com,ruria@tellez.com,baja,+34731 310 100,A1,MP-11836,18540606P,False,2032-03-06,37697245L,1970-12-31,2021-11-04,,"Callejón de Seve Arévalo 67 Puerta 2 
Palencia, 65903",Valencia,Soria,España,17533,EMP24219,"Cervera, Barranco and Martorell",+34 968807776,+34 745 189 737,Deserunt labore voluptatum eum.
Raquel Emelina Morcillo Sala,tamara33@gmail.com,bernardinosancho@macias-palau.es,activo,+34 715 79 79 78,"D1,CE,B",MP-7298,25295883O,True,2032-02-05,20151341S,1971-10-03,2019-02-20,,"Paseo Máxima Solana 13
Burgos, 86854",Alicante,Baleares,España,97299,EMP62989,Andreu Inc,+34 710 52 16 54,+34733424134,Quo debitis assumenda quibusdam rem molestias.
Malena Pulido Blasco,niloagudo@yahoo.com,saturnina99@perez-machado.com,inactivo,+34 722894531,"CE,C,B",MP-11836,58019143M,True,2033-10-14,49959829G,1989-09-26,2023-11-11,,"Avenida de Nico Raya 59 Apt. 59 
Sevilla, 20095",Murcia,Murcia,España,43309,EMP93811,Porras Ltd,+34 714 13 42 20,+34 712720103,Sed minus laudantium ex corporis harum.
Emiliana de Poza,saldanasabina@cuadrado.es,eric54@dalmau-marti.es,activo,+34825 65 01 47,"D,B,DE",MP-54644,20749041S,False,2033-03-05,82733944U,1983-06-04,2016-01-29,,"Ronda Heriberto Pinto 7
Palencia, 90959",Vizcaya,Salamanca,España,26387,EMP84766,Bellido Group,+34725 138 897,+34 725123846,Repellendus id similique quo rem.
Cebrián Sosimo Valdés Campos,luciana32@hotmail.com,ypalomares@baeza.es,activo,+34 732 79 58 80,A,MP-39358,59354720D,False,2034-01-14,60129163X,1998-03-27,2022-12-18,,"Callejón de Chelo Ramírez 531
Valencia, 97884",Sevilla,Ourense,España,69578,EMP77937,"Ferreras, Morera and Bauzà",+34721 71 72 09,+34725 40 75 30,At architecto nihil vitae.
Esther Frutos Blazquez,amandocampoy@galvez-segovia.es,rbolanos@quintero-antunez.es,baja,+34 703 800 036,"B,CE",MP-44036,56494241U,True,2033-04-14,52908986Z,2005-07-23,2018-06-25,2025-07-22,"Glorieta Rolando Valero 91 Puerta 7 
Guadalajara, 14182",Cantabria,Sevilla,España,14105,EMP40249,Iriarte-Vicens,+34 947 278 503,+34674 68 03 23,Ex vitae commodi ut.
Guillermo Lasa Echevarría,lucenaanselma@hotmail.com,arambururuth@carbajo.es,inactivo,+34885 67 93 11,"B,A1",MP-67226,69352383F,True,2031-12-02,69813009A,2000-04-12,2018-05-01,,"Ronda Pepe Gelabert 36 Piso 7 
Cuenca, 46519",Sevilla,Zamora,España,38913,EMP45029,Bellido-Pizarro,+34683 742 196,+34711816415,Vel nihil pariatur.
Camilo Peinado Agustín,kplana@yahoo.com,rosana-belen@benavides.com,baja,+34 732 385 246,"C1,D1",MP-60520,72241391O,False,2035-03-25,64112788M,1981-10-20,2021-03-30,,"Pasadizo de Bernarda Villaverde 98 Apt. 44 
Santa Cruz de Tenerife, 91596",Almería,Salamanca,España,47503,EMP53329,"Carrera, Lluch and Lago",+34729569784,+34641 15 86 94,Itaque ea ipsa velit est ea.
Paulina Iborra Iniesta,montserrat33@lobato-jauregui.com,geronimo54@villena.es,inactivo,+34 912 213 976,"D1E,D1,BE",MP-31407,58132525D,False,2033-09-11,91432871N,2002-08-03,2019-09-20,2026-03-17,"Via Daniela Garcia 40
Ciudad, 00185",Badajoz,Zamora,España,96395,EMP90484,"Coello, Arana and Méndez",+34 708 97 83 48,+34 741034189,Illum soluta vel ut ut est quia.
Isabela Mendizábal Blázquez,valentina22@hotmail.com,barberagisela@marti.es,baja,+34 856 575 759,CE,MP-14925,67487086E,True,2034-08-04,21366503V,1961-06-11,2017-09-22,,"Alameda Rómulo Casals 1 Puerta 2 
Las Palmas, 44385",Navarra,Las Palmas,España,80826,EMP41254,"Falcón, Calderón and Murcia",+34 880711456,+34 731266846,Provident sit odio harum.
Adelaida Chus Fuentes Escudero,maria-cristinajimenez@jaume-cervantes.org,clementinasolis@castilla.com,inactivo,+34712756942,B1,MP-51902,83773995Y,True,2030-05-15,67122407J,1960-01-15,2022-03-26,,"Cañada de Juanito Ramos 81
Segovia, 78907",Melilla,Almería,España,91663,EMP70303,Carrasco Group,+34 749 85 43 58,+34 939 99 69 36,Alias atque deserunt molestiae.
Rodrigo Mosquera Cadenas,cerveraaurelio@vara.es,isidro10@oller.com,baja,+34739 921 951,"A2,AM,A",MP-44989,32950003R,False,2030-05-11,49231353S,2004-08-20,2018-09-28,,"Ronda de Susana Nebot 162 Apt. 05 
Badajoz, 95972",Madrid,La Rioja,España,29666,EMP75603,"Saura, Sancho and Nevado",+34 743 34 48 94,+34996 99 00 74,Est fugit est necessitatibus eum voluptatibus.
Daniela Cuadrado Arenas,yolanda02@barroso.com,ileanaginer@salmeron.com,activo,+34728789845,D1E,MP-31407,55948994T,True,2028-09-05,20912089X,1965-12-27,2024-03-31,,"Ronda Mirta Benet 63 Apt. 91 
Pontevedra, 02692",Alicante,Guipúzcoa,España,04884,EMP48278,Quirós Group,+34 722758681,+34882 45 94 45,Eveniet hic quidem nulla cumque.
Pascuala Barberá Aller,aristidesraya@gmail.com,julianoemi@salinas.es,baja,+34735 369 546,D1E,MP-84073,98332167V,False,2034-06-04,39196077Q,1982-01-15,2024-12-17,,"Alameda de Sabas Ferrán 92 Apt. 57 
Zaragoza, 94389",Barcelona,Cáceres,España,44970,EMP08254,Martí Ltd,+34736 48 32 41,+34 715 045 766,Molestias iusto necessitatibus fugit dignissimos aperiam.
Nazario Díaz Llamas,xarellano@revilla.es,nelidabellido@vives.es,inactivo,+34732 78 94 77,"C1,A",MP-22317,33494542N,False,2030-05-12,28277488A,1967-07-27,2018-02-20,,"Rambla de Agustín Sevilla 12 Puerta 5 
Zaragoza, 80581",Zaragoza,Ourense,España,34466,EMP94479,Caparrós-Peinado,+34 613 946 040,+34700177878,Inventore ipsum quae voluptates.
Rosalina Guillen Arcos,camposrodrigo@gmail.com,ratienza@tome.es,inactivo,+34 911 25 24 59,"AM,BE,B",MP-20423,96328307E,True,2034-07-22,18352924T,1971-02-09,2025-01-29,,"Rambla África Andreu 12 Apt. 50 
Madrid, 47739",Huelva,Madrid,España,20854,EMP19588,Murcia-Redondo,+34682 138 523,+34 649868568,Doloremque fugiat hic.
Paloma Lucena Méndez,jose-antoniooliver@gmail.com,vgrande@ballesteros.com,inactivo,+34 713 618 488,"A1,C1",MP-94307,71594411C,True,2031-04-10,07745282C,2005-04-14,2020-09-03,,"Cañada de Carmelita Riera 9
Cantabria, 09012",Badajoz,Huelva,España,65495,EMP75660,Carballo-Guitart,+34903489839,+34 706002746,Placeat nam voluptate quas quod voluptatibus.
Griselda Girona-Zabaleta,nayaraserra@yahoo.com,canalesadriana@estrada-sales.com,activo,+34 842 57 09 42,"C1,D1E",MP-20423,78666917Q,False,2034-01-19,19644152R,1963-06-24,2019-04-30,,"Cuesta Dimas Laguna 489
Murcia, 63476",Girona,Álava,España,57658,EMP71079,"Arias, Barragán and Robledo",+34974586834,+34718 02 34 66,Voluptatum culpa id.
Concha Blanco Ureña,zamoranopili@hotmail.com,batallaeladio@batlle-arellano.com,baja,+34928855983,C1,MP-8078,60414495X,False,2029-04-09,79666344Z,1988-03-07,2021-10-03,,"Plaza de Sabas Segovia 26 Piso 6 
Cuenca, 91462",Málaga,Jaén,España,63618,EMP80635,"Reguera, Arnau and Carreras",+34 746 501 965,+34 878058212,Nesciunt ipsum debitis odit.
Úrsula Gomez Goñi,ruedamagdalena@arce.net,manuelita95@hoyos.es,activo,+34 748 87 62 50,"A2,D1E,B",MP-76792,18280130L,True,2034-11-21,51258009M,1993-07-13,2024-11-09,,"Via Teodosio Ramis 6
Palencia, 43064",Álava,La Coruña,España,96795,EMP00515,Llopis PLC,+34 748 72 86 55,+34 730 97 94 19,Eaque quae tempore minima.
Rodolfo Francisco Javier Solé Paredes,godofredo50@herrera.com,zescribano@cortina-mercader.es,inactivo,+34713176454,DE,MP-32423,10693454T,False,2034-10-11,80363996B,1959-08-30,2016-01-16,,"Alameda Florencia Perelló 6
Sevilla, 37847",Huelva,León,España,77730,EMP78607,Cerdá-Perea,+34711 35 76 70,+34 864897230,Aspernatur voluptatem repellendus laboriosam earum dolor.
Silvia Revilla Barrena,xtamayo@prats.es,bclemente@aguila.com,inactivo,+34 677452547,"BE,C1E",MP-53732,98268428E,False,2028-02-20,18890490D,1987-06-12,2018-06-03,,"Ronda de Magdalena Calvo 791 Piso 3 
Las Palmas, 72283",Teruel,Segovia,España,90107,EMP13744,"Dávila, Cortés and Aramburu",+34 913 614 344,+34 735 826 911,Perspiciatis asperiores a.
Tristán Rozas Egea,renatosilva@gmail.com,roldanamancio@paez.es,inactivo,+34 742392073,"B1,C",MP-2943,94293155D,True,2033-09-14,36232369R,1963-05-03,2015-05-16,,"Rambla de Alfredo Ibañez 67 Puerta 7 
Cuenca, 71082",Valladolid,Valencia,España,66424,EMP69949,Herrera Ltd,+34 726 654 711,+34825212161,Explicabo sapiente non possimus molestias neque.
Melania Canales,juan-manuelmontserrat@segura-hervas.com,isaias39@tejada-iglesias.es,baja,+34747 40 91 68,"A2,CE,C",MP-66973,67922735C,False,2030-07-15,75349852J,1998-07-29,2015-10-25,,"Rambla Elías Arranz 79 Apt. 03 
Valladolid, 46663",Badajoz,Toledo,España,91526,EMP12351,Chacón Ltd,+34728124254,+34 726 912 192,Sint dolore reiciendis quibusdam.
María Teresa del Páez,arenasporfirio@morcillo.es,eliseo39@varela.com,baja,+34644 51 69 44,B,MP-39358,18738087A,True,2029-09-24,15594406D,2006-03-18,2017-12-16,2025-09-15,"Glorieta de Florina Conesa 99 Puerta 7 
Girona, 17738",Santa Cruz de Tenerife,Cuenca,España,06010,EMP69119,"Solé, Espada and Prado",+34 747058769,+34723 51 59 55,Illo fuga eos reprehenderit quas corporis.
Carina Artigas Rosell,porfiriocobo@muro-lloret.net,carmina35@avila.net,baja,+34 866 51 37 74,"AM,BE",MP-59304,69507969D,True,2027-05-07,02493502D,1989-09-12,2017-04-28,,"Vial Juan Pablo Dominguez 23 Piso 9 
Guadalajara, 55702",Madrid,Guipúzcoa,España,78802,EMP63794,"Bayón, Carbó and Peña",+34 700772410,+34 722789191,Doloremque aperiam rerum officiis illum necessitatibus.
Eladio Sala Angulo,ypriego@yahoo.com,duenasgervasio@tudela.es,baja,+34 921316262,"A2,D1",MP-6740,73663425C,False,2033-03-20,85262335O,2006-01-22,2020-02-05,,"Callejón de Jacinta Bou 8
Las Palmas, 04589",Albacete,Burgos,España,86314,EMP43862,"Porcel, Aguirre and Arcos",+34708 63 93 01,+34 684 978 603,Dicta asperiores laborum esse hic.
Nacho Girón,baenamaura@pedrero.com,lguillen@alegre-rossello.es,inactivo,+34 715 256 020,"C1E,C1,BE",MP-67627,14528581Q,True,2031-07-25,47493266A,1972-11-19,2019-10-26,,"Pasadizo de Jorge Leiva 68 Apt. 51 
Valencia, 03492",Asturias,Barcelona,España,57914,EMP65997,Barros PLC,+34727684025,+34 744 02 31 70,Aliquid similique amet inventore.
Alexandra Andreu Ramón,herminio45@lobo-barranco.es,juana26@egea.com,baja,+34800 25 22 88,"D,A1",MP-63314,83644854R,True,2029-05-24,05576119Y,1966-10-31,2023-02-27,,"Rambla Leire Crespi 72
Murcia, 35446",Huesca,Navarra,España,88415,EMP43064,"Esteban, Vallés and Marti",+34954023582,+34619 93 73 98,Aut illo vitae accusamus quo minus.
Duilio Checa-Ibañez,armengolmayte@yahoo.com,kbartolome@bejarano.net,baja,+34 701565861,"C,A1",MP-78656,91397636Y,False,2028-08-08,00406376Z,1997-08-19,2015-08-24,2026-03-30,"Camino de Leocadia Vilaplana 109 Apt. 89 
Segovia, 98822",Teruel,Teruel,España,65407,EMP57568,Viana-Casanova,+34 716 72 02 62,+34728062464,Minus voluptates quidem debitis architecto.
Carmina Plaza Márquez,azenethariza@hotmail.com,remigiograu@perera-quesada.net,activo,+34746 88 71 39,"B,A,DE",MP-3095,29922329W,True,2031-05-21,72986572O,1966-06-02,2025-02-26,,"Paseo de Mamen Ferrer 46 Puerta 0 
Ávila, 86172",Tarragona,Cáceres,España,41725,EMP74595,Machado-Blanco,+34704800040,+34 731354314,Dolore a consequuntur consequuntur praesentium quia.
Fortunata Abril-Ferrándiz,friasguadalupe@asensio.org,sferrando@benito-moya.com,baja,+34 704 54 22 27,"DE,D1",MP-78831,99186408K,False,2028-06-14,15566732R,1993-07-30,2023-01-19,,"Callejón Arcelia Prada 40
Toledo, 49836",Ceuta,La Rioja,España,56566,EMP08674,Mendoza-Valle,+34 830 02 34 71,+34715 806 407,Exercitationem deleniti rerum hic repellat nisi.
Adelia Garriga Benavides,duilioreal@yahoo.com,josefina18@alarcon.net,activo,+34 702 47 98 22,DE,MP-88471,50303637V,True,2027-01-24,95694564Q,1996-08-03,2024-11-16,,"Cuesta Jose Carlos Madrid 6 Apt. 27 
Lleida, 46677",Valencia,Girona,España,36474,EMP94632,Benet Ltd,+34700 84 20 40,+34716 68 86 16,Adipisci quasi saepe fugiat.
Lisandro Jose Antonio Martínez Ponce,perezeulalia@ramirez-villar.es,celso21@gonzalez.org,activo,+34702679960,"DE,A,D1E",MP-48592,90522517P,False,2029-12-30,99848662K,1981-12-05,2022-03-18,2026-03-13,"Glorieta Victoriano Salmerón 93 Puerta 2 
Alicante, 71842",Burgos,Palencia,España,34372,EMP95773,Fabra Inc,+34728241839,+34723 33 43 37,Facilis dolorem maxime enim numquam eveniet.
Ricarda Carvajal,teruelraimundo@hotmail.com,feliuvaleria@amaya-sala.es,activo,+34 931 31 97 82,BE,MP-8078,60957616U,False,2033-06-09,61326782V,1961-08-16,2017-09-12,,"Callejón de Ruth Rubio 12
Palencia, 70476",La Rioja,Ourense,España,30284,EMP71092,Gimenez-Gallardo,+34722 05 97 38,+34 995 049 321,Cupiditate corporis voluptates reprehenderit.
Celestino Rosell Manso,manzanodionisio@moles-verdejo.es,nmateos@gutierrez.net,baja,+34634 722 096,"BE,D1E,C",MP-84148,20704449Y,False,2029-05-03,75848031K,1991-10-27,2024-03-10,,"Pasaje de Aurelia Marcos 89
Cáceres, 80892",Huesca,Castellón,España,70909,EMP19559,Bartolomé PLC,+34738 38 07 08,+34 741942736,Necessitatibus repudiandae placeat asperiores.
Victorino Velasco-Domingo,inesprieto@yahoo.com,arteagaangela@chamorro-ferran.org,activo,+34743982903,C,MP-7458,30548729B,False,2027-02-02,60778220U,1999-04-28,2019-06-17,,"Alameda Marianela Frutos 57
Zamora, 70254",Ourense,Baleares,España,00725,EMP87953,"Flores, Pablo and Marín",+34 707 817 248,+34742496938,Exercitationem sed ad voluptatibus asperiores eius.
Josep Arjona Noriega,dmarco@pazos.com,slaguna@otero-madrigal.com,inactivo,+34864 10 91 74,"A,C1,B",MP-37778,70579302J,True,2033-08-15,79425681P,1980-01-14,2023-11-22,2025-10-15,"Urbanización de Aristides Pujol 86 Piso 0 
Zaragoza, 51383",Valladolid,Castellón,España,05025,EMP70741,Acevedo LLC,+34 742533177,+34802 97 52 93,Sit eaque eius molestias.
Cecilio Borja Peral,boadacristian@escolano.net,ytorrents@pablo.org,activo,+34 925883362,"B,C1E",MP-99299,71262634T,True,2029-12-22,03569074B,1973-01-06,2022-12-18,2026-01-20,"Alameda Marcos Palau 11
Asturias, 53710",Santa Cruz de Tenerife,Cáceres,España,53825,EMP78565,Puga PLC,+34 732355333,+34 747 10 10 24,Itaque natus laborum.
Eligia Carmona-Farré,jhuertas@yahoo.com,muletalonso@bueno-rodriguez.org,activo,+34722 864 011,"A,DE,C",MP-65223,32353287M,True,2029-11-23,45171083Q,1996-12-18,2017-09-08,,"Cuesta Telmo Sedano 614
Granada, 46338",León,Las Palmas,España,99490,EMP35828,Arnau-Aramburu,+34821 778 968,+34726916726,Ullam ut maxime incidunt quaerat ullam officiis.
Priscila Luz Navarro,melaniacano@osuna.es,aferrero@navas.com,baja,+34 716 726 668,"C1E,A1",MP-94656,24744709I,False,2031-06-24,87972257V,1967-12-27,2021-02-03,,"Cuesta Lourdes Quintanilla 21 Apt. 57 
Guadalajara, 53553",Jaén,Lleida,España,78413,EMP05214,"Hidalgo, Gargallo and Solano",+34716 109 218,+34 702541971,Aliquid adipisci voluptatibus reprehenderit.
Wálter Zurita Leon,fontconstanza@yahoo.com,marisabauza@pinol.net,inactivo,+34 741040703,"A,D",MP-31407,66766954F,False,2033-08-27,15485263E,1987-02-20,2022-02-24,,"Ronda Elena Pérez 42 Piso 9 
Teruel, 46252",La Coruña,León,España,37258,EMP92046,Quero-Amaya,+34 709 07 10 95,+34 632 49 35 97,Ratione rem quas in sit.
Charo Blanes,almacarro@yahoo.com,elenacepeda@bayo.es,inactivo,+34712 31 68 70,"D,A2",MP-30360,53611614W,True,2030-09-14,78642098R,1984-03-23,2023-12-23,,"Cañada Jovita Calderon 13 Apt. 82 
Santa Cruz de Tenerife, 86338",Álava,Santa Cruz de Tenerife,España,68329,EMP84461,Palomares-Cervera,+34 731191491,+34 650 673 450,Cumque tempora nobis commodi laboriosam alias.
Fernando Rebollo Ripoll,xrojas@gmail.com,luciocardona@montenegro.net,inactivo,+34 735 445 676,"C,A2,B",MP-50067,18003709I,True,2032-09-23,27410503Q,1970-10-26,2019-06-12,,"Alameda de Dimas Morillo 19
Valencia, 25722",Ciudad,Cáceres,España,47479,EMP62398,Lorenzo Ltd,+34 727 21 85 33,+34 727 39 12 21,At dolores exercitationem nulla culpa animi.
Ramiro Clavero Izaguirre,jordana57@hotmail.com,canojuan-francisco@quintanilla.es,baja,+34707 223 297,C1,MP-79166,66666673N,True,2034-10-23,26171159H,1967-01-21,2022-10-13,,"Cuesta de Norberto Palmer 54
Málaga, 03437",Segovia,Zamora,España,53435,EMP38476,"Zaragoza, Franch and Benito",+34 841384523,+34709 11 77 69,Aut quos quod perspiciatis totam.
Hilario del Mariño,cvalderrama@sanz.com,ncabezas@mayol.com,inactivo,+34737418745,AM,MP-39358,57004223C,True,2030-08-26,50171684B,1971-08-02,2016-10-09,,"Cañada Bruno Acosta 21 Apt. 17 
Sevilla, 77336",Palencia,Tarragona,España,01767,EMP01414,"Páez, Pedraza and Mur",+34 708 01 68 09,+34602 64 45 01,Soluta inventore quaerat amet cumque vero.
Francisca Sotelo-Sevilla,joseginer@tome.es,fidela20@chamorro.es,inactivo,+34983599805,AM,MP-66353,74863816T,False,2027-01-22,24193647F,1996-10-07,2021-04-23,2025-07-28,"Calle Carina Casares 689 Puerta 7 
Badajoz, 05693",Huesca,Las Palmas,España,68359,EMP84779,"Iniesta, Bonet and Barragán",+34680 023 918,+34 723 092 474,Nam adipisci consectetur ipsam.
Cándida de Osorio,rosalinagarate@redondo-palomo.com,german12@mayoral.es,baja,+34721915723,BE,MP-37318,22973833H,True,2032-07-20,99157511B,1997-12-26,2020-12-18,,"C. Patricia Pedraza 372
Alicante, 79035",Jaén,Sevilla,España,55332,EMP40511,Adadia-Blanca,+34723 39 03 91,+34 746 08 52 31,Iste voluptatibus ipsum quos magnam pariatur.
Susanita Domínguez Blasco,sierrabarbara@mur-otero.es,nereidaanguita@carballo-porras.es,activo,+34948 33 72 50,"CE,DE",MP-18397,82223130B,True,2035-02-26,37336745T,1982-01-08,2022-09-06,,"Camino de Mariano Reina 76 Puerta 2 
Lugo, 40384",Lleida,Cantabria,España,69127,EMP68963,"López, Ramirez and Álamo",+34 702607891,+34 976934737,Ab nostrum minus impedit voluptas hic.
Inmaculada Huertas Alfonso,ruperto27@yahoo.com,jose-manuelluis@acosta-morante.com,activo,+34844 42 09 67,B,MP-67627,54175304Y,True,2026-10-16,92316809O,2003-06-12,2016-04-22,,"Calle Jose Francisco Aparicio 9
Álava, 77866",Cáceres,Ourense,España,88787,EMP09437,Barberá-Vilar,+34725 91 12 93,+34711825987,Illum quia maiores velit.
Candela Jimenez Conde,nmanzanares@yahoo.com,xboada@vilaplana.org,inactivo,+34703865677,"D,D1E",MP-31407,08355750E,True,2026-12-31,56232334H,1982-02-09,2019-12-24,,"Callejón de Omar Múgica 90
Ciudad, 34496",Cantabria,Granada,España,12346,EMP38169,Font-Almagro,+34749 494 038,+34711 925 978,Eum quaerat repudiandae inventore.
Alcides Villalba Peña,espiridionzabaleta@gmail.com,nalcazar@rosales-prat.org,activo,+34 748 89 54 73,"C,A",MP-7298,22274190N,False,2029-08-17,14800621L,1965-10-30,2018-11-14,,"Plaza de Irma Arrieta 857 Apt. 40 
Tarragona, 22130",Segovia,Cantabria,España,69837,EMP83540,Lumbreras-Cortés,+34806 93 03 87,+34 706248327,Minima odit nam.
Serafina Falcó Dueñas,godofredoarmas@yahoo.com,teclamiro@manzanares.es,inactivo,+34968 56 95 41,B,MP-30860,22804609W,True,2031-08-14,32549517Y,1975-08-18,2023-04-06,,"Pasadizo Elisabet Guitart 8
Palencia, 37638",Palencia,Sevilla,España,35164,EMP82966,"Madrid, Sanmartín and Briones",+34 702 82 62 34,+34 892 02 63 20,Eaque iure cum aut.
Pilar Díaz Gutiérrez,kteruel@hotmail.com,maitellopis@gallardo.net,activo,+34746 72 78 34,"C,CE,D1",MP-78831,14914802W,False,2030-11-09,23725159Y,1993-03-21,2019-12-22,,"Callejón Prudencio Canals 524 Puerta 2 
Córdoba, 91464",Salamanca,Toledo,España,89034,EMP41621,Aznar Group,+34939373905,+34712595191,Sint perferendis excepturi dolorem.
Florencio Raya Cardona,torralbamirta@yahoo.com,carvajalveronica@amador.com,inactivo,+34 824 85 62 04,B1,MP-94307,24099679W,False,2031-11-20,91142191Q,1984-07-30,2020-06-11,,"C. de Mayte Beltrán 62
Navarra, 52703",Guipúzcoa,Pontevedra,España,50722,EMP73182,Murillo-Esteban,+34 744 73 67 59,+34727 678 325,Quas reiciendis saepe.
Manuel Villalonga Téllez,lucas92@yahoo.com,geronimopomares@arco-iriarte.com,inactivo,+34812 272 457,"C1E,DE,D1",MP-60520,78480095N,False,2029-10-31,66335929Z,2004-08-10,2018-12-16,2025-06-23,"Paseo Martirio Quevedo 8
Murcia, 84073",Pontevedra,Segovia,España,75707,EMP65232,Lobato Group,+34 932 564 715,+34715333689,Totam sit facilis alias reiciendis eius.
Ale Maza,quique91@yahoo.com,arribasteodosio@blanes.es,inactivo,+34 748 160 612,"A,D1",MP-22317,17462549Y,True,2029-04-10,82426598A,1999-02-10,2016-09-29,2025-07-08,"Urbanización Matías Landa 78
Alicante, 43113",Tarragona,Ourense,España,25316,EMP95995,Asenjo-Girón,+34 738 94 52 36,+34 727283012,Laudantium nobis eligendi tempore.
Ramiro Estevez-Cañete,romafabian@buendia.es,miriarte@saez.com,baja,+34702787494,DE,MP-79166,27821717T,True,2031-12-29,12569659H,1960-05-15,2017-08-07,,"Via Maribel Camps 300 Puerta 1 
Salamanca, 12733",La Rioja,Castellón,España,70880,EMP92011,Nadal and Sons,+34 856 213 752,+34715 213 509,Repudiandae saepe sed doloremque velit minus assumenda.
Abigaíl Piedad Mur Borrego,carmelo39@pages-dominguez.es,griselda17@canas-girona.es,activo,+34 738 48 92 38,AM,MP-74576,51396930N,True,2028-04-11,59014759R,1962-03-19,2017-05-04,2025-05-07,"Acceso de Dalila Ugarte 82
Álava, 55241",Salamanca,Asturias,España,57956,EMP23654,Núñez Group,+34712938953,+34 934265624,Culpa quo cupiditate ut.
Tamara Duque Tamarit,josefinahoyos@hotmail.com,cgonzalez@sosa-andrade.com,baja,+34914 52 53 55,"C1E,B",MP-89559,14506757K,True,2028-10-29,69754679P,1963-02-19,2022-01-04,,"Paseo de Adela Valcárcel 61
Girona, 07151",Madrid,Cantabria,España,32595,EMP10300,"Navas, Lluch and Pol",+34747526851,+34862928650,Tempore placeat nisi deleniti.
Camila Angelina Rubio Poza,matildeguerrero@sandoval-roldan.es,evaristo61@fuentes-perera.net,inactivo,+34731459530,"B1,D",MP-21050,99696026O,False,2032-06-14,05446502I,1984-08-05,2017-03-07,,"Urbanización Josefina Planas 6 Puerta 6 
Teruel, 14461",Málaga,Valencia,España,41653,EMP57487,Villegas LLC,+34 810 57 75 47,+34726 086 709,Occaecati exercitationem iusto.
Nerea Martí,constanzagiralt@gmail.com,fortunata33@coello.es,activo,+34735975233,"D1E,AM",MP-31407,20674538P,True,2035-04-05,17020262V,1980-03-06,2017-11-11,,"Ronda Elisa Carro 66
Álava, 96284",Guadalajara,Guadalajara,España,98731,EMP15261,Gimenez-Flor,+34 997581399,+34725985709,Animi dolor ab.
Concha Carmen Pino Ibáñez,esperanza88@benavides.com,bolanoschus@pizarro.com,inactivo,+34709 423 384,"DE,C1",MP-37778,83147712M,True,2029-01-24,55975341U,2005-05-24,2022-08-29,,"C. Rosaura Pomares 93
Almería, 71634",Jaén,Vizcaya,España,09886,EMP25044,Albero Ltd,+34 664170218,+34627 75 49 50,Neque nisi quos minima.
Ciríaco Benigno Catalán Mesa,ztenorio@gmail.com,vizquierdo@carbonell.com,baja,+34734 35 38 79,"D1,A2",MP-39358,59988069R,True,2034-03-29,62753330P,1982-03-25,2022-03-07,,"Acceso de Dafne Alcázar 46 Piso 5 
Zaragoza, 26744",Guipúzcoa,Castellón,España,60520,EMP00572,Anaya-Riera,+34 745884950,+34 809637358,Suscipit alias enim molestias ratione quasi.
Adoración Barreda Durán,ferreroaitor@yahoo.com,adoracion91@abella.com,baja,+34714 910 480,"B1,CE",MP-4939,80279366Z,True,2031-06-25,92838062G,1972-07-05,2018-12-08,,"Via de Encarna Cárdenas 452 Apt. 08 
Ciudad, 80869",Almería,Álava,España,09109,EMP90849,Asensio Group,+34674 049 688,+34 920 63 23 43,Mollitia esse quia nulla.
Milagros Cózar,olgatolosa@jimenez-milla.com,olivernando@ballester-porras.com,activo,+34870 51 60 91,B,MP-7298,61344378T,False,2034-03-02,56920714I,2000-01-28,2019-08-30,,"Glorieta Ainara Morales 99 Piso 7 
Ceuta, 97782",Ávila,Cáceres,España,13247,EMP90108,Velázquez Inc,+34 704 59 37 84,+34707 040 782,Necessitatibus voluptatem facilis perferendis laborum nemo.
Eulalia Montalbán-Iñiguez,valencianowalter@gmail.com,venriquez@cardona-jaume.es,inactivo,+34732 70 10 98,"B,DE",MP-27109,86858842R,False,2028-05-21,08937316I,1996-12-07,2020-11-17,,"Paseo Benita Novoa 3 Piso 4 
Sevilla, 82703",Córdoba,Castellón,España,30855,EMP98799,Escalona-Pazos,+34710 74 97 85,+34 695 71 97 45,Cupiditate est qui porro nulla.
Cruz del Cerezo,checanerea@yahoo.com,desiderio56@blazquez-botella.com,inactivo,+34 724 13 13 17,"DE,BE",MP-63314,47402771P,True,2030-07-03,35485620Z,1992-05-15,2023-03-03,2025-10-10,"Vial Patricio Pavón 77
Santa Cruz de Tenerife, 54731",Guipúzcoa,Sevilla,España,19453,EMP98429,Abril-Vallés,+34 644 49 88 85,+34686 21 14 60,Suscipit dolores illum temporibus fuga fuga.
Ágata Farré,pinoljose-angel@hotmail.com,ychaves@sanabria.es,baja,+34 728 439 681,D1,MP-64778,72883119M,True,2033-01-08,25398685V,1984-12-10,2015-11-13,,"Avenida Carmen Mulet 33
Zaragoza, 36386",Girona,Tarragona,España,38744,EMP94508,Olivé-Mur,+34 741 65 48 37,+34 815 838 832,Corporis quidem numquam eos natus.
Jonatan Bruno Piñeiro Cantero,alexaraujo@sales.com,hermenegildo18@ferrandiz.net,baja,+34 915 374 734,"CE,B1,D",MP-2943,82512512Y,False,2029-01-03,58943782S,1983-10-18,2021-08-03,2026-01-10,"Alameda de Roberta Vallejo 329
Zaragoza, 15738",Salamanca,Barcelona,España,34721,EMP06154,"Vigil, Agustín and Pinto",+34732 988 864,+34715550263,Suscipit quod minus.
Albert Perea Checa,godofredonadal@duque-perez.org,josefa48@torrijos.org,activo,+34701 33 94 47,"DE,BE",MP-94656,31936830R,True,2032-04-04,56527547R,1971-03-09,2015-06-16,,"Urbanización de Salomón Asensio 5 Apt. 27 
Huelva, 75528",Valladolid,Albacete,España,62389,EMP28651,Ariño PLC,+34 700 776 807,+34719 20 20 55,Ad ipsum architecto a eos quasi.
